question,answer
"Qu'est-ce que la COVID-19?","La COVID-19 est une maladie infectieuse causée par le virus SARS-CoV-2. Elle a été identifiée pour la première fois en décembre 2019 en Chine et s'est rapidement propagée à l'échelle mondiale. Les symptômes incluent de la fièvre, de la toux et des difficultés respiratoires."
"Quels sont les symptômes du diabète?","Les symptômes du diabète peuvent inclure une soif excessive, une faim accrue, une vision floue, une fatigue inhabituelle et des coupures qui guérissent lentement. Le diabète de type 1 et de type 2 peuvent provoquer des symptômes similaires."
"Que faire en cas d'allergie alimentaire?","En cas d'allergie alimentaire, il est important d'éviter l'aliment déclencheur. Les symptômes d'une réaction allergique peuvent inclure des démangeaisons, des gonflements, des nausées, ou même des difficultés respiratoires. Un traitement d'urgence avec un antihistaminique ou un EpiPen peut être nécessaire."
"Comment traiter une blessure à la tête?","En cas de blessure à la tête, il est essentiel de consulter immédiatement un médecin, surtout si la personne perd connaissance, souffre de maux de tête intenses, de nausées, ou présente des signes de confusion. Appliquer une compresse froide sur la zone affectée peut aider à réduire l'enflure."
"Qu'est-ce que l'hypertension artérielle?","L'hypertension artérielle, ou pression artérielle élevée, se produit lorsque la force du sang contre les parois des artères est trop forte. Cela peut augmenter le risque de maladies cardiaques, d'accident vasculaire cérébral et de problèmes rénaux."
"Quels sont les traitements disponibles pour l'anxiété?","Le traitement de l'anxiété peut inclure la thérapie cognitivo-comportementale, des médicaments anxiolytiques ou des antidépresseurs, et des techniques de gestion du stress comme la méditation et l'exercice physique."
"Que faire si on a une crise cardiaque?","En cas de crise cardiaque, il est crucial de contacter immédiatement les services d'urgence. Si la personne est consciente, il peut être conseillé de mâcher un comprimé d'aspirine pour aider à fluidifier le sang. Le traitement médical rapide est essentiel pour limiter les dégâts au cœur."
"Comment prévenir les maladies cardiovasculaires?","La prévention des maladies cardiovasculaires passe par un mode de vie sain, comprenant une alimentation équilibrée, de l'exercice physique régulier, l'arrêt du tabac et la gestion du stress. La surveillance régulière de la pression artérielle et du cholestérol est également cruciale."
"Qu'est-ce que l'ostéoporose?","L'ostéoporose est une maladie qui rend les os fragiles et plus susceptibles de se fracturer. Elle est souvent liée à la vieillesse et à une carence en calcium. Les traitements incluent des médicaments pour renforcer les os, ainsi que des exercices pour améliorer la densité osseuse."
"Quels sont les effets secondaires des vaccins?","Les effets secondaires des vaccins sont généralement légers et temporaires. Ils peuvent inclure de la douleur au site d'injection, de la fatigue, de la fièvre légère ou des maux de tête. Les effets graves sont rares mais peuvent inclure des réactions allergiques."
